participant_id,session_id,student_id,student_name,joined_at,left_at,engagement_profile
PAR000001,SES000001,STU026,Zara Okonkwo,2025-09-04 09:34:00,2025-09-04 10:30:00,moderate
PAR000002,SES000001,STU040,Nkechi Johnson,2025-09-04 09:39:00,2025-09-04 10:30:00,moderate
PAR000003,SES000001,STU041,Olu Mohammed,2025-09-04 09:34:00,2025-09-04 10:30:00,erratic
PAR000004,SES000001,STU074,Vivian Hassan,2025-09-04 09:36:00,2025-09-04 10:30:00,erratic
PAR000005,SES000001,STU011,Kevin Okonkwo,2025-09-04 09:36:00,2025-09-04 10:30:00,high_engaged
PAR000006,SES000001,STU015,Oscar Smith,2025-09-04 09:39:00,2025-09-04 10:30:00,high_engaged
PAR000007,SES000001,STU021,Umar Nwosu,2025-09-04 09:30:00,2025-09-04 10:30:00,high_engaged
PAR000008,SES000001,STU032,Funmi Mohammed,2025-09-04 09:40:00,2025-09-04 10:30:00,erratic
PAR000009,SES000001,STU067,Obi Bello,2025-09-04 09:33:00,2025-09-04 10:30:00,high_engaged
PAR000010,SES000001,STU017,Quinn Smith,2025-09-04 09:37:00,2025-09-04 10:30:00,erratic
PAR000011,SES000001,STU053,Abdul Nwosu,2025-09-04 09:32:00,2025-09-04 10:16:00,high_engaged
PAR000012,SES000001,STU078,Alice Abubakar,2025-09-04 09:36:00,2025-09-04 10:30:00,moderate
PAR000013,SES000001,STU058,Femi Smith,2025-09-04 09:32:00,2025-09-04 10:00:00,erratic
PAR000014,SES000001,STU062,Joy Adeyemi,2025-09-04 09:32:00,2025-09-04 10:30:00,moderate
PAR000015,SES000001,STU018,Rachel Smith,2025-09-04 09:31:00,2025-09-04 10:09:00,moderate
PAR000016,SES000002,STU059,Gloria Bello,2025-09-04 10:36:00,2025-09-04 13:30:00,low_engaged
PAR000017,SES000002,STU064,Lami Johnson,2025-09-04 10:32:00,2025-09-04 11:44:00,moderate
PAR000018,SES000002,STU016,Paula Mohammed,2025-09-04 10:33:00,2025-09-04 13:30:00,low_engaged
PAR000019,SES000002,STU029,Chidi Okafor,2025-09-04 10:33:00,2025-09-04 13:30:00,high_engaged
PAR000020,SES000002,STU027,Ade Hassan,2025-09-04 10:40:00,2025-09-04 13:30:00,high_engaged
PAR000021,SES000002,STU025,Yusuf Mohammed,2025-09-04 10:31:00,2025-09-04 11:10:00,high_engaged
PAR000022,SES000002,STU035,Ifeanyi Abubakar,2025-09-04 10:35:00,2025-09-04 13:30:00,moderate
PAR000023,SES000002,STU037,Kemi Adeyemi,2025-09-04 10:36:00,2025-09-04 13:30:00,high_engaged
PAR000024,SES000002,STU079,Bob Hassan,2025-09-04 10:36:00,2025-09-04 13:30:00,low_engaged
PAR000025,SES000002,STU049,Wunmi Hassan,2025-09-04 10:39:00,2025-09-04 13:30:00,erratic
PAR000026,SES000002,STU017,Quinn Smith,2025-09-04 10:31:00,2025-09-04 13:30:00,erratic
PAR000027,SES000002,STU056,Dayo Bello,2025-09-04 10:30:00,2025-09-04 13:30:00,erratic
PAR000028,SES000002,STU076,Yakubu Hassan,2025-09-04 10:33:00,2025-09-04 13:30:00,low_engaged
PAR000029,SES000002,STU028,Bisi Nwosu,2025-09-04 10:35:00,2025-09-04 13:30:00,low_engaged
PAR000030,SES000002,STU073,Umaru Hassan,2025-09-04 10:40:00,2025-09-04 13:30:00,high_engaged
PAR000031,SES000002,STU075,Williams Okonkwo,2025-09-04 10:39:00,2025-09-04 13:30:00,erratic
PAR000032,SES000003,STU001,Alice Bello,2025-09-04 11:51:00,2025-09-04 13:00:00,low_engaged
PAR000033,SES000003,STU033,Gbenga Johnson,2025-09-04 11:51:00,2025-09-04 13:00:00,erratic
PAR000034,SES000003,STU065,Maryam Okafor,2025-09-04 11:47:00,2025-09-04 13:00:00,high_engaged
PAR000035,SES000003,STU080,Charlie Johnson,2025-09-04 11:53:00,2025-09-04 12:09:00,moderate
PAR000036,SES000004,STU022,Vera Bello,2025-09-07 16:04:00,2025-09-07 16:11:00,low_engaged
PAR000037,SES000004,STU065,Maryam Okafor,2025-09-07 16:02:00,2025-09-07 16:45:00,high_engaged
PAR000038,SES000004,STU064,Lami Johnson,2025-09-07 16:04:00,2025-09-07 16:45:00,moderate
PAR000039,SES000004,STU044,Rashida Smith,2025-09-07 16:06:00,2025-09-07 16:45:00,high_engaged
PAR000040,SES000004,STU060,Habib Hassan,2025-09-07 16:04:00,2025-09-07 16:45:00,moderate
PAR000041,SES000004,STU017,Quinn Smith,2025-09-07 16:04:00,2025-09-07 16:45:00,erratic
PAR000042,SES000004,STU012,Linda Bello,2025-09-07 16:06:00,2025-09-07 16:45:00,low_engaged
PAR000043,SES000004,STU041,Olu Mohammed,2025-09-07 16:05:00,2025-09-07 16:45:00,erratic
PAR000044,SES000004,STU068,Peace Mohammed,2025-09-07 16:07:00,2025-09-07 16:45:00,erratic
PAR000045,SES000004,STU056,Dayo Bello,2025-09-07 16:02:00,2025-09-07 16:45:00,erratic
PAR000046,SES000004,STU019,Sam Abubakar,2025-09-07 16:10:00,2025-09-07 16:45:00,moderate
PAR000047,SES000005,STU007,George Okonkwo,2025-09-08 16:08:00,2025-09-08 18:30:00,high_engaged
PAR000048,SES000005,STU025,Yusuf Mohammed,2025-09-08 16:07:00,2025-09-08 18:30:00,high_engaged
PAR000049,SES000005,STU020,Tina Nwosu,2025-09-08 16:02:00,2025-09-08 18:30:00,high_engaged
PAR000050,SES000005,STU080,Charlie Johnson,2025-09-08 16:01:00,2025-09-08 18:30:00,moderate
PAR000051,SES000005,STU030,Dara Okafor,2025-09-08 16:04:00,2025-09-08 18:30:00,low_engaged
PAR000052,SES000005,STU024,Xena Adeyemi,2025-09-08 16:02:00,2025-09-08 18:30:00,moderate
PAR000053,SES000005,STU005,Evan Mohammed,2025-09-08 16:04:00,2025-09-08 18:30:00,erratic
PAR000054,SES000005,STU061,Idris Adeyemi,2025-09-08 16:10:00,2025-09-08 18:30:00,moderate
PAR000055,SES000005,STU034,Halima Nwosu,2025-09-08 16:09:00,2025-09-08 18:30:00,high_engaged
PAR000056,SES000005,STU021,Umar Nwosu,2025-09-08 16:00:00,2025-09-08 18:30:00,high_engaged
PAR000057,SES000005,STU060,Habib Hassan,2025-09-08 16:09:00,2025-09-08 18:30:00,moderate
PAR000058,SES000005,STU056,Dayo Bello,2025-09-08 16:01:00,2025-09-08 18:30:00,erratic
PAR000059,SES000005,STU015,Oscar Smith,2025-09-08 16:07:00,2025-09-08 18:30:00,high_engaged
PAR000060,SES000005,STU064,Lami Johnson,2025-09-08 16:05:00,2025-09-08 16:41:00,moderate
PAR000061,SES000005,STU006,Fiona Nwosu,2025-09-08 16:06:00,2025-09-08 18:30:00,high_engaged
PAR000062,SES000005,STU057,Esther Adeyemi,2025-09-08 16:01:00,2025-09-08 18:30:00,moderate
PAR000063,SES000005,STU046,Tolu Okonkwo,2025-09-08 16:02:00,2025-09-08 18:04:00,moderate
PAR000064,SES000006,STU062,Joy Adeyemi,2025-09-09 08:31:00,2025-09-09 08:49:00,moderate
PAR000065,SES000006,STU059,Gloria Bello,2025-09-09 08:32:00,2025-09-09 09:15:00,low_engaged
PAR000066,SES000006,STU035,Ifeanyi Abubakar,2025-09-09 08:36:00,2025-09-09 09:15:00,moderate
PAR000067,SES000006,STU077,Zubair Mohammed,2025-09-09 08:40:00,2025-09-09 09:15:00,low_engaged
PAR000068,SES000006,STU001,Alice Bello,2025-09-09 08:34:00,2025-09-09 09:15:00,low_engaged
PAR000069,SES000006,STU043,Qudus Smith,2025-09-09 08:36:00,2025-09-09 09:15:00,low_engaged
PAR000070,SES000006,STU006,Fiona Nwosu,2025-09-09 08:34:00,2025-09-09 09:15:00,high_engaged
PAR000071,SES000006,STU058,Femi Smith,2025-09-09 08:39:00,2025-09-09 09:05:00,erratic
PAR000072,SES000006,STU042,Patience Adeyemi,2025-09-09 08:31:00,2025-09-09 09:15:00,moderate
PAR000073,SES000006,STU017,Quinn Smith,2025-09-09 08:38:00,2025-09-09 09:15:00,erratic
PAR000074,SES000006,STU028,Bisi Nwosu,2025-09-09 08:37:00,2025-09-09 09:15:00,low_engaged
PAR000075,SES000006,STU007,George Okonkwo,2025-09-09 08:37:00,2025-09-09 09:15:00,high_engaged
PAR000076,SES000006,STU037,Kemi Adeyemi,2025-09-09 08:39:00,2025-09-09 09:15:00,high_engaged
PAR000077,SES000006,STU072,Temitope Adeyemi,2025-09-09 08:36:00,2025-09-09 09:15:00,low_engaged
PAR000078,SES000006,STU008,Hannah Nwosu,2025-09-09 08:39:00,2025-09-09 09:15:00,moderate
PAR000079,SES000006,STU010,Julia Hassan,2025-09-09 08:40:00,2025-09-09 09:15:00,high_engaged
PAR000080,SES000006,STU049,Wunmi Hassan,2025-09-09 08:30:00,2025-09-09 09:15:00,erratic
PAR000081,SES000006,STU074,Vivian Hassan,2025-09-09 08:37:00,2025-09-09 09:15:00,erratic
PAR000082,SES000006,STU026,Zara Okonkwo,2025-09-09 08:40:00,2025-09-09 09:15:00,moderate
PAR000083,SES000006,STU071,Segun Hassan,2025-09-09 08:32:00,2025-09-09 09:15:00,low_engaged
PAR000084,SES000006,STU012,Linda Bello,2025-09-09 08:38:00,2025-09-09 09:15:00,low_engaged
PAR000085,SES000006,STU016,Paula Mohammed,2025-09-09 08:38:00,2025-09-09 08:57:00,low_engaged
PAR000086,SES000006,STU050,Xavier Okafor,2025-09-09 08:36:00,2025-09-09 09:06:00,low_engaged
PAR000087,SES000006,STU056,Dayo Bello,2025-09-09 08:37:00,2025-09-09 09:15:00,erratic
PAR000088,SES000006,STU080,Charlie Johnson,2025-09-09 08:32:00,2025-09-09 09:15:00,moderate
PAR000089,SES000007,STU032,Funmi Mohammed,2025-09-09 09:21:00,2025-09-09 10:45:00,erratic
PAR000090,SES000007,STU067,Obi Bello,2025-09-09 09:22:00,2025-09-09 10:45:00,high_engaged
PAR000091,SES000007,STU055,Chinwe Okafor,2025-09-09 09:24:00,2025-09-09 10:45:00,erratic
PAR000092,SES000007,STU038,Lola Hassan,2025-09-09 09:20:00,2025-09-09 10:45:00,moderate
PAR000093,SES000007,STU073,Umaru Hassan,2025-09-09 09:16:00,2025-09-09 10:45:00,high_engaged
PAR000094,SES000007,STU007,George Okonkwo,2025-09-09 09:15:00,2025-09-09 10:45:00,high_engaged
PAR000095,SES000007,STU071,Segun Hassan,2025-09-09 09:25:00,2025-09-09 10:45:00,low_engaged
PAR000096,SES000007,STU010,Julia Hassan,2025-09-09 09:17:00,2025-09-09 10:45:00,high_engaged
PAR000097,SES000007,STU006,Fiona Nwosu,2025-09-09 09:15:00,2025-09-09 10:45:00,high_engaged
PAR000098,SES000007,STU066,Nnamdi Nwosu,2025-09-09 09:19:00,2025-09-09 10:45:00,erratic
PAR000099,SES000007,STU014,Nina Nwosu,2025-09-09 09:22:00,2025-09-09 10:45:00,moderate
PAR000100,SES000007,STU074,Vivian Hassan,2025-09-09 09:22:00,2025-09-09 10:45:00,erratic
PAR000101,SES000008,STU044,Rashida Smith,2025-09-09 11:36:00,2025-09-09 12:45:00,high_engaged
PAR000102,SES000008,STU024,Xena Adeyemi,2025-09-09 11:32:00,2025-09-09 12:45:00,moderate
PAR000103,SES000008,STU028,Bisi Nwosu,2025-09-09 11:37:00,2025-09-09 12:45:00,low_engaged
PAR000104,SES000008,STU079,Bob Hassan,2025-09-09 11:40:00,2025-09-09 12:45:00,low_engaged
PAR000105,SES000008,STU011,Kevin Okonkwo,2025-09-09 11:39:00,2025-09-09 12:45:00,high_engaged
PAR000106,SES000008,STU034,Halima Nwosu,2025-09-09 11:34:00,2025-09-09 12:45:00,high_engaged
PAR000107,SES000008,STU014,Nina Nwosu,2025-09-09 11:39:00,2025-09-09 12:45:00,moderate
PAR000108,SES000008,STU056,Dayo Bello,2025-09-09 11:40:00,2025-09-09 12:45:00,erratic
PAR000109,SES000008,STU069,Quadri Smith,2025-09-09 11:40:00,2025-09-09 12:45:00,high_engaged
PAR000110,SES000008,STU003,Charlie Adeyemi,2025-09-09 11:34:00,2025-09-09 11:47:00,low_engaged
PAR000111,SES000008,STU001,Alice Bello,2025-09-09 11:30:00,2025-09-09 12:45:00,low_engaged
PAR000112,SES000009,STU025,Yusuf Mohammed,2025-09-09 13:07:00,2025-09-09 15:00:00,high_engaged
PAR000113,SES000009,STU004,Diana Nwosu,2025-09-09 13:10:00,2025-09-09 15:00:00,moderate
PAR000114,SES000009,STU027,Ade Hassan,2025-09-09 13:10:00,2025-09-09 15:00:00,high_engaged
PAR000115,SES000010,STU025,Yusuf Mohammed,2025-09-13 09:21:00,2025-09-13 11:15:00,high_engaged
PAR000116,SES000010,STU012,Linda Bello,2025-09-13 09:15:00,2025-09-13 11:08:00,low_engaged
PAR000117,SES000010,STU039,Musa Johnson,2025-09-13 09:21:00,2025-09-13 11:15:00,moderate
PAR000118,SES000010,STU060,Habib Hassan,2025-09-13 09:22:00,2025-09-13 11:15:00,moderate
PAR000119,SES000010,STU019,Sam Abubakar,2025-09-13 09:24:00,2025-09-13 11:15:00,moderate
PAR000120,SES000010,STU061,Idris Adeyemi,2025-09-13 09:19:00,2025-09-13 10:15:00,moderate
PAR000121,SES000010,STU055,Chinwe Okafor,2025-09-13 09:22:00,2025-09-13 11:15:00,erratic
PAR000122,SES000010,STU003,Charlie Adeyemi,2025-09-13 09:24:00,2025-09-13 11:15:00,low_engaged
PAR000123,SES000010,STU015,Oscar Smith,2025-09-13 09:22:00,2025-09-13 11:15:00,high_engaged
PAR000124,SES000010,STU022,Vera Bello,2025-09-13 09:15:00,2025-09-13 11:15:00,low_engaged
PAR000125,SES000010,STU020,Tina Nwosu,2025-09-13 09:21:00,2025-09-13 11:15:00,high_engaged
PAR000126,SES000010,STU057,Esther Adeyemi,2025-09-13 09:23:00,2025-09-13 11:15:00,moderate
PAR000127,SES000010,STU063,Kazeem Hassan,2025-09-13 09:25:00,2025-09-13 11:15:00,erratic
PAR000128,SES000010,STU075,Williams Okonkwo,2025-09-13 09:22:00,2025-09-13 10:46:00,erratic
PAR000129,SES000010,STU073,Umaru Hassan,2025-09-13 09:25:00,2025-09-13 11:15:00,high_engaged
PAR000130,SES000010,STU058,Femi Smith,2025-09-13 09:21:00,2025-09-13 10:02:00,erratic
PAR000131,SES000010,STU032,Funmi Mohammed,2025-09-13 09:18:00,2025-09-13 11:15:00,erratic
PAR000132,SES000010,STU013,Michael Johnson,2025-09-13 09:22:00,2025-09-13 11:15:00,erratic
PAR000133,SES000010,STU076,Yakubu Hassan,2025-09-13 09:18:00,2025-09-13 11:15:00,low_engaged
PAR000134,SES000010,STU037,Kemi Adeyemi,2025-09-13 09:25:00,2025-09-13 11:15:00,high_engaged
PAR000135,SES000011,STU060,Habib Hassan,2025-09-14 14:33:00,2025-09-14 17:00:00,moderate
PAR000136,SES000011,STU017,Quinn Smith,2025-09-14 14:30:00,2025-09-14 17:00:00,erratic
PAR000137,SES000011,STU038,Lola Hassan,2025-09-14 14:35:00,2025-09-14 17:00:00,moderate
PAR000138,SES000011,STU050,Xavier Okafor,2025-09-14 14:35:00,2025-09-14 17:00:00,low_engaged
PAR000139,SES000011,STU054,Blessing Okonkwo,2025-09-14 14:32:00,2025-09-14 17:00:00,high_engaged
PAR000140,SES000011,STU047,Uche Okonkwo,2025-09-14 14:38:00,2025-09-14 14:59:00,moderate
PAR000141,SES000011,STU061,Idris Adeyemi,2025-09-14 14:35:00,2025-09-14 17:00:00,moderate
PAR000142,SES000011,STU021,Umar Nwosu,2025-09-14 14:39:00,2025-09-14 17:00:00,high_engaged
PAR000143,SES000011,STU027,Ade Hassan,2025-09-14 14:38:00,2025-09-14 17:00:00,high_engaged
PAR000144,SES000011,STU037,Kemi Adeyemi,2025-09-14 14:34:00,2025-09-14 17:00:00,high_engaged
PAR000145,SES000011,STU012,Linda Bello,2025-09-14 14:35:00,2025-09-14 17:00:00,low_engaged
PAR000146,SES000011,STU062,Joy Adeyemi,2025-09-14 14:38:00,2025-09-14 17:00:00,moderate
PAR000147,SES000011,STU079,Bob Hassan,2025-09-14 14:32:00,2025-09-14 17:00:00,low_engaged
PAR000148,SES000011,STU023,Wale Smith,2025-09-14 14:38:00,2025-09-14 17:00:00,moderate
PAR000149,SES000011,STU026,Zara Okonkwo,2025-09-14 14:31:00,2025-09-14 17:00:00,moderate
PAR000150,SES000011,STU073,Umaru Hassan,2025-09-14 14:37:00,2025-09-14 17:00:00,high_engaged
PAR000151,SES000011,STU063,Kazeem Hassan,2025-09-14 14:31:00,2025-09-14 17:00:00,erratic
PAR000152,SES000011,STU007,George Okonkwo,2025-09-14 14:39:00,2025-09-14 17:00:00,high_engaged
PAR000153,SES000011,STU051,Yemi Smith,2025-09-14 14:31:00,2025-09-14 17:00:00,low_engaged
PAR000154,SES000011,STU072,Temitope Adeyemi,2025-09-14 14:30:00,2025-09-14 17:00:00,low_engaged
PAR000155,SES000011,STU032,Funmi Mohammed,2025-09-14 14:32:00,2025-09-14 17:00:00,erratic
PAR000156,SES000011,STU020,Tina Nwosu,2025-09-14 14:33:00,2025-09-14 17:00:00,high_engaged
PAR000157,SES000012,STU038,Lola Hassan,2025-09-17 08:32:00,2025-09-17 09:45:00,moderate
PAR000158,SES000012,STU057,Esther Adeyemi,2025-09-17 08:33:00,2025-09-17 09:45:00,moderate
PAR000159,SES000012,STU065,Maryam Okafor,2025-09-17 08:36:00,2025-09-17 09:45:00,high_engaged
PAR000160,SES000012,STU064,Lami Johnson,2025-09-17 08:30:00,2025-09-17 09:45:00,moderate
PAR000161,SES000012,STU013,Michael Johnson,2025-09-17 08:37:00,2025-09-17 09:45:00,erratic
PAR000162,SES000012,STU020,Tina Nwosu,2025-09-17 08:38:00,2025-09-17 09:45:00,high_engaged
PAR000163,SES000012,STU047,Uche Okonkwo,2025-09-17 08:34:00,2025-09-17 09:45:00,moderate
PAR000164,SES000012,STU043,Qudus Smith,2025-09-17 08:36:00,2025-09-17 09:45:00,low_engaged
PAR000165,SES000013,STU032,Funmi Mohammed,2025-09-18 12:00:00,2025-09-18 12:45:00,erratic
PAR000166,SES000013,STU020,Tina Nwosu,2025-09-18 12:00:00,2025-09-18 12:45:00,high_engaged
PAR000167,SES000013,STU068,Peace Mohammed,2025-09-18 12:10:00,2025-09-18 12:45:00,erratic
PAR000168,SES000013,STU054,Blessing Okonkwo,2025-09-18 12:09:00,2025-09-18 12:45:00,high_engaged
PAR000169,SES000013,STU030,Dara Okafor,2025-09-18 12:10:00,2025-09-18 12:45:00,low_engaged
PAR000170,SES000013,STU018,Rachel Smith,2025-09-18 12:10:00,2025-09-18 12:45:00,moderate
PAR000171,SES000013,STU055,Chinwe Okafor,2025-09-18 12:04:00,2025-09-18 12:45:00,erratic
PAR000172,SES000013,STU053,Abdul Nwosu,2025-09-18 12:10:00,2025-09-18 12:45:00,high_engaged
PAR000173,SES000013,STU073,Umaru Hassan,2025-09-18 12:04:00,2025-09-18 12:45:00,high_engaged
PAR000174,SES000013,STU059,Gloria Bello,2025-09-18 12:05:00,2025-09-18 12:45:00,low_engaged
PAR000175,SES000013,STU067,Obi Bello,2025-09-18 12:00:00,2025-09-18 12:45:00,high_engaged
PAR000176,SES000013,STU047,Uche Okonkwo,2025-09-18 12:08:00,2025-09-18 12:45:00,moderate
PAR000177,SES000013,STU004,Diana Nwosu,2025-09-18 12:02:00,2025-09-18 12:45:00,moderate
PAR000178,SES000013,STU057,Esther Adeyemi,2025-09-18 12:07:00,2025-09-18 12:45:00,moderate
PAR000179,SES000013,STU019,Sam Abubakar,2025-09-18 12:08:00,2025-09-18 12:45:00,moderate
PAR000180,SES000013,STU002,Bob Okafor,2025-09-18 12:09:00,2025-09-18 12:45:00,low_engaged
PAR000181,SES000013,STU009,Ian Okafor,2025-09-18 12:05:00,2025-09-18 12:45:00,low_engaged
PAR000182,SES000013,STU006,Fiona Nwosu,2025-09-18 12:10:00,2025-09-18 12:45:00,high_engaged
PAR000183,SES000013,STU022,Vera Bello,2025-09-18 12:03:00,2025-09-18 12:45:00,low_engaged
PAR000184,SES000013,STU021,Umar Nwosu,2025-09-18 12:01:00,2025-09-18 12:27:00,high_engaged
PAR000185,SES000013,STU026,Zara Okonkwo,2025-09-18 12:06:00,2025-09-18 12:45:00,moderate
PAR000186,SES000013,STU050,Xavier Okafor,2025-09-18 12:02:00,2025-09-18 12:45:00,low_engaged
PAR000187,SES000013,STU011,Kevin Okonkwo,2025-09-18 12:08:00,2025-09-18 12:45:00,high_engaged
PAR000188,SES000013,STU028,Bisi Nwosu,2025-09-18 12:01:00,2025-09-18 12:45:00,low_engaged
PAR000189,SES000014,STU067,Obi Bello,2025-09-19 08:00:00,2025-09-19 09:00:00,high_engaged
PAR000190,SES000014,STU044,Rashida Smith,2025-09-19 08:04:00,2025-09-19 09:00:00,high_engaged
PAR000191,SES000014,STU021,Umar Nwosu,2025-09-19 08:05:00,2025-09-19 09:00:00,high_engaged
PAR000192,SES000014,STU003,Charlie Adeyemi,2025-09-19 08:10:00,2025-09-19 09:00:00,low_engaged
PAR000193,SES000014,STU004,Diana Nwosu,2025-09-19 08:07:00,2025-09-19 09:00:00,moderate
PAR000194,SES000014,STU070,Rukayat Abubakar,2025-09-19 08:00:00,2025-09-19 09:00:00,low_engaged
PAR000195,SES000014,STU034,Halima Nwosu,2025-09-19 08:03:00,2025-09-19 09:00:00,high_engaged
PAR000196,SES000014,STU031,Emeka Okonkwo,2025-09-19 08:09:00,2025-09-19 09:00:00,moderate
PAR000197,SES000014,STU039,Musa Johnson,2025-09-19 08:10:00,2025-09-19 09:00:00,moderate
PAR000198,SES000014,STU055,Chinwe Okafor,2025-09-19 08:09:00,2025-09-19 09:00:00,erratic
PAR000199,SES000014,STU065,Maryam Okafor,2025-09-19 08:04:00,2025-09-19 09:00:00,high_engaged
PAR000200,SES000014,STU015,Oscar Smith,2025-09-19 08:09:00,2025-09-19 09:00:00,high_engaged
PAR000201,SES000015,STU049,Wunmi Hassan,2025-09-21 15:53:00,2025-09-21 17:45:00,erratic
PAR000202,SES000015,STU067,Obi Bello,2025-09-21 15:53:00,2025-09-21 17:45:00,high_engaged
PAR000203,SES000015,STU032,Funmi Mohammed,2025-09-21 15:51:00,2025-09-21 17:45:00,erratic
PAR000204,SES000015,STU014,Nina Nwosu,2025-09-21 15:54:00,2025-09-21 17:45:00,moderate
PAR000205,SES000015,STU042,Patience Adeyemi,2025-09-21 15:51:00,2025-09-21 17:45:00,moderate
PAR000206,SES000015,STU079,Bob Hassan,2025-09-21 15:52:00,2025-09-21 17:45:00,low_engaged
PAR000207,SES000015,STU025,Yusuf Mohammed,2025-09-21 15:51:00,2025-09-21 17:45:00,high_engaged
PAR000208,SES000015,STU047,Uche Okonkwo,2025-09-21 15:47:00,2025-09-21 17:45:00,moderate
PAR000209,SES000015,STU059,Gloria Bello,2025-09-21 15:52:00,2025-09-21 17:45:00,low_engaged
PAR000210,SES000015,STU013,Michael Johnson,2025-09-21 15:47:00,2025-09-21 17:45:00,erratic
PAR000211,SES000015,STU019,Sam Abubakar,2025-09-21 15:53:00,2025-09-21 17:45:00,moderate
PAR000212,SES000015,STU055,Chinwe Okafor,2025-09-21 15:46:00,2025-09-21 17:45:00,erratic
PAR000213,SES000015,STU053,Abdul Nwosu,2025-09-21 15:52:00,2025-09-21 17:45:00,high_engaged
PAR000214,SES000015,STU011,Kevin Okonkwo,2025-09-21 15:47:00,2025-09-21 17:45:00,high_engaged
PAR000215,SES000015,STU012,Linda Bello,2025-09-21 15:50:00,2025-09-21 17:45:00,low_engaged
PAR000216,SES000015,STU008,Hannah Nwosu,2025-09-21 15:46:00,2025-09-21 17:45:00,moderate
PAR000217,SES000015,STU069,Quadri Smith,2025-09-21 15:51:00,2025-09-21 17:45:00,high_engaged
PAR000218,SES000015,STU057,Esther Adeyemi,2025-09-21 15:50:00,2025-09-21 17:45:00,moderate
PAR000219,SES000015,STU009,Ian Okafor,2025-09-21 15:45:00,2025-09-21 17:45:00,low_engaged
PAR000220,SES000015,STU031,Emeka Okonkwo,2025-09-21 15:46:00,2025-09-21 17:45:00,moderate
PAR000221,SES000015,STU077,Zubair Mohammed,2025-09-21 15:50:00,2025-09-21 17:45:00,low_engaged
PAR000222,SES000015,STU029,Chidi Okafor,2025-09-21 15:52:00,2025-09-21 16:15:00,high_engaged
PAR000223,SES000015,STU005,Evan Mohammed,2025-09-21 15:47:00,2025-09-21 17:45:00,erratic
PAR000224,SES000015,STU024,Xena Adeyemi,2025-09-21 15:51:00,2025-09-21 16:35:00,moderate
PAR000225,SES000015,STU044,Rashida Smith,2025-09-21 15:49:00,2025-09-21 17:45:00,high_engaged
PAR000226,SES000016,STU001,Alice Bello,2025-09-22 09:37:00,2025-09-22 11:30:00,low_engaged
PAR000227,SES000016,STU016,Paula Mohammed,2025-09-22 09:32:00,2025-09-22 11:30:00,low_engaged
PAR000228,SES000016,STU071,Segun Hassan,2025-09-22 09:35:00,2025-09-22 10:59:00,low_engaged
PAR000229,SES000016,STU045,Sani Adeyemi,2025-09-22 09:40:00,2025-09-22 11:30:00,low_engaged
PAR000230,SES000016,STU009,Ian Okafor,2025-09-22 09:36:00,2025-09-22 11:30:00,low_engaged
PAR000231,SES000016,STU006,Fiona Nwosu,2025-09-22 09:36:00,2025-09-22 11:30:00,high_engaged
PAR000232,SES000016,STU054,Blessing Okonkwo,2025-09-22 09:30:00,2025-09-22 11:30:00,high_engaged
PAR000233,SES000016,STU062,Joy Adeyemi,2025-09-22 09:37:00,2025-09-22 11:30:00,moderate
PAR000234,SES000016,STU040,Nkechi Johnson,2025-09-22 09:40:00,2025-09-22 11:30:00,moderate
PAR000235,SES000016,STU058,Femi Smith,2025-09-22 09:32:00,2025-09-22 11:30:00,erratic
PAR000236,SES000016,STU044,Rashida Smith,2025-09-22 09:39:00,2025-09-22 11:30:00,high_engaged
PAR000237,SES000016,STU049,Wunmi Hassan,2025-09-22 09:34:00,2025-09-22 11:30:00,erratic
PAR000238,SES000016,STU061,Idris Adeyemi,2025-09-22 09:31:00,2025-09-22 11:30:00,moderate
PAR000239,SES000016,STU017,Quinn Smith,2025-09-22 09:31:00,2025-09-22 11:30:00,erratic
PAR000240,SES000016,STU018,Rachel Smith,2025-09-22 09:39:00,2025-09-22 11:30:00,moderate
PAR000241,SES000016,STU065,Maryam Okafor,2025-09-22 09:30:00,2025-09-22 11:30:00,high_engaged
PAR000242,SES000016,STU059,Gloria Bello,2025-09-22 09:38:00,2025-09-22 11:30:00,low_engaged
PAR000243,SES000016,STU069,Quadri Smith,2025-09-22 09:37:00,2025-09-22 11:30:00,high_engaged
PAR000244,SES000017,STU016,Paula Mohammed,2025-09-22 14:00:00,2025-09-22 15:30:00,low_engaged
PAR000245,SES000017,STU069,Quadri Smith,2025-09-22 14:03:00,2025-09-22 15:30:00,high_engaged
PAR000246,SES000017,STU024,Xena Adeyemi,2025-09-22 14:09:00,2025-09-22 15:30:00,moderate
PAR000247,SES000018,STU078,Alice Abubakar,2025-09-25 11:47:00,2025-09-25 12:45:00,moderate
PAR000248,SES000018,STU042,Patience Adeyemi,2025-09-25 11:47:00,2025-09-25 12:45:00,moderate
PAR000249,SES000018,STU052,Zainab Hassan,2025-09-25 11:46:00,2025-09-25 12:45:00,low_engaged
PAR000250,SES000018,STU076,Yakubu Hassan,2025-09-25 11:51:00,2025-09-25 12:45:00,low_engaged
PAR000251,SES000018,STU006,Fiona Nwosu,2025-09-25 11:45:00,2025-09-25 12:45:00,high_engaged
PAR000252,SES000018,STU063,Kazeem Hassan,2025-09-25 11:50:00,2025-09-25 12:45:00,erratic
PAR000253,SES000018,STU003,Charlie Adeyemi,2025-09-25 11:45:00,2025-09-25 12:45:00,low_engaged
PAR000254,SES000018,STU044,Rashida Smith,2025-09-25 11:46:00,2025-09-25 12:45:00,high_engaged
PAR000255,SES000018,STU056,Dayo Bello,2025-09-25 11:51:00,2025-09-25 12:45:00,erratic
PAR000256,SES000018,STU024,Xena Adeyemi,2025-09-25 11:49:00,2025-09-25 12:45:00,moderate
PAR000257,SES000018,STU054,Blessing Okonkwo,2025-09-25 11:46:00,2025-09-25 12:45:00,high_engaged
PAR000258,SES000018,STU004,Diana Nwosu,2025-09-25 11:48:00,2025-09-25 12:45:00,moderate
PAR000259,SES000018,STU068,Peace Mohammed,2025-09-25 11:54:00,2025-09-25 12:45:00,erratic
PAR000260,SES000018,STU041,Olu Mohammed,2025-09-25 11:53:00,2025-09-25 12:45:00,erratic
PAR000261,SES000018,STU049,Wunmi Hassan,2025-09-25 11:51:00,2025-09-25 12:45:00,erratic
PAR000262,SES000018,STU033,Gbenga Johnson,2025-09-25 11:49:00,2025-09-25 12:23:00,erratic
PAR000263,SES000018,STU012,Linda Bello,2025-09-25 11:53:00,2025-09-25 12:45:00,low_engaged
PAR000264,SES000018,STU008,Hannah Nwosu,2025-09-25 11:52:00,2025-09-25 12:37:00,moderate
PAR000265,SES000018,STU007,George Okonkwo,2025-09-25 11:48:00,2025-09-25 12:45:00,high_engaged
PAR000266,SES000018,STU035,Ifeanyi Abubakar,2025-09-25 11:45:00,2025-09-25 12:45:00,moderate
PAR000267,SES000019,STU013,Michael Johnson,2025-09-27 11:09:00,2025-09-27 12:15:00,erratic
PAR000268,SES000019,STU032,Funmi Mohammed,2025-09-27 11:02:00,2025-09-27 12:08:00,erratic
PAR000269,SES000019,STU072,Temitope Adeyemi,2025-09-27 11:04:00,2025-09-27 12:15:00,low_engaged
PAR000270,SES000019,STU017,Quinn Smith,2025-09-27 11:10:00,2025-09-27 12:15:00,erratic
PAR000271,SES000019,STU039,Musa Johnson,2025-09-27 11:05:00,2025-09-27 12:15:00,moderate
PAR000272,SES000019,STU073,Umaru Hassan,2025-09-27 11:03:00,2025-09-27 12:15:00,high_engaged
PAR000273,SES000019,STU053,Abdul Nwosu,2025-09-27 11:08:00,2025-09-27 12:15:00,high_engaged
PAR000274,SES000019,STU058,Femi Smith,2025-09-27 11:02:00,2025-09-27 12:15:00,erratic
PAR000275,SES000019,STU011,Kevin Okonkwo,2025-09-27 11:09:00,2025-09-27 12:15:00,high_engaged
PAR000276,SES000019,STU065,Maryam Okafor,2025-09-27 11:01:00,2025-09-27 12:15:00,high_engaged
PAR000277,SES000019,STU027,Ade Hassan,2025-09-27 11:01:00,2025-09-27 12:15:00,high_engaged
PAR000278,SES000019,STU019,Sam Abubakar,2025-09-27 11:08:00,2025-09-27 12:15:00,moderate
PAR000279,SES000019,STU048,Victor Abubakar,2025-09-27 11:06:00,2025-09-27 12:15:00,moderate
PAR000280,SES000019,STU022,Vera Bello,2025-09-27 11:08:00,2025-09-27 12:15:00,low_engaged
PAR000281,SES000019,STU079,Bob Hassan,2025-09-27 11:05:00,2025-09-27 12:15:00,low_engaged
PAR000282,SES000019,STU055,Chinwe Okafor,2025-09-27 11:05:00,2025-09-27 12:15:00,erratic
PAR000283,SES000019,STU075,Williams Okonkwo,2025-09-27 11:07:00,2025-09-27 12:15:00,erratic
PAR000284,SES000019,STU003,Charlie Adeyemi,2025-09-27 11:10:00,2025-09-27 12:15:00,low_engaged
PAR000285,SES000019,STU001,Alice Bello,2025-09-27 11:05:00,2025-09-27 12:15:00,low_engaged
PAR000286,SES000019,STU074,Vivian Hassan,2025-09-27 11:09:00,2025-09-27 12:15:00,erratic
PAR000287,SES000019,STU030,Dara Okafor,2025-09-27 11:02:00,2025-09-27 12:15:00,low_engaged
PAR000288,SES000020,STU078,Alice Abubakar,2025-09-29 08:00:00,2025-09-29 10:30:00,moderate
PAR000289,SES000020,STU061,Idris Adeyemi,2025-09-29 08:06:00,2025-09-29 10:30:00,moderate
PAR000290,SES000020,STU001,Alice Bello,2025-09-29 08:07:00,2025-09-29 10:30:00,low_engaged
PAR000291,SES000021,STU011,Kevin Okonkwo,2025-09-29 11:45:00,2025-09-29 13:00:00,high_engaged
PAR000292,SES000021,STU010,Julia Hassan,2025-09-29 11:55:00,2025-09-29 13:00:00,high_engaged
PAR000293,SES000021,STU069,Quadri Smith,2025-09-29 11:50:00,2025-09-29 13:00:00,high_engaged
PAR000294,SES000021,STU004,Diana Nwosu,2025-09-29 11:54:00,2025-09-29 13:00:00,moderate
PAR000295,SES000021,STU057,Esther Adeyemi,2025-09-29 11:48:00,2025-09-29 13:00:00,moderate
PAR000296,SES000021,STU016,Paula Mohammed,2025-09-29 11:52:00,2025-09-29 13:00:00,low_engaged
PAR000297,SES000021,STU046,Tolu Okonkwo,2025-09-29 11:45:00,2025-09-29 13:00:00,moderate
PAR000298,SES000021,STU049,Wunmi Hassan,2025-09-29 11:54:00,2025-09-29 13:00:00,erratic
PAR000299,SES000021,STU074,Vivian Hassan,2025-09-29 11:48:00,2025-09-29 13:00:00,erratic
PAR000300,SES000021,STU050,Xavier Okafor,2025-09-29 11:55:00,2025-09-29 13:00:00,low_engaged
PAR000301,SES000021,STU023,Wale Smith,2025-09-29 11:49:00,2025-09-29 13:00:00,moderate
PAR000302,SES000021,STU002,Bob Okafor,2025-09-29 11:52:00,2025-09-29 13:00:00,low_engaged
PAR000303,SES000021,STU075,Williams Okonkwo,2025-09-29 11:48:00,2025-09-29 13:00:00,erratic
PAR000304,SES000021,STU060,Habib Hassan,2025-09-29 11:54:00,2025-09-29 13:00:00,moderate
PAR000305,SES000021,STU048,Victor Abubakar,2025-09-29 11:54:00,2025-09-29 13:00:00,moderate
PAR000306,SES000021,STU025,Yusuf Mohammed,2025-09-29 11:46:00,2025-09-29 13:00:00,high_engaged
PAR000307,SES000021,STU076,Yakubu Hassan,2025-09-29 11:46:00,2025-09-29 12:20:00,low_engaged
PAR000308,SES000021,STU001,Alice Bello,2025-09-29 11:53:00,2025-09-29 13:00:00,low_engaged
PAR000309,SES000021,STU015,Oscar Smith,2025-09-29 11:49:00,2025-09-29 13:00:00,high_engaged
PAR000310,SES000021,STU066,Nnamdi Nwosu,2025-09-29 11:55:00,2025-09-29 12:44:00,erratic
PAR000311,SES000022,STU069,Quadri Smith,2025-10-01 12:49:00,2025-10-01 13:45:00,high_engaged
PAR000312,SES000022,STU079,Bob Hassan,2025-10-01 12:53:00,2025-10-01 13:45:00,low_engaged
PAR000313,SES000022,STU033,Gbenga Johnson,2025-10-01 12:45:00,2025-10-01 13:45:00,erratic
PAR000314,SES000022,STU072,Temitope Adeyemi,2025-10-01 12:50:00,2025-10-01 13:31:00,low_engaged
PAR000315,SES000022,STU059,Gloria Bello,2025-10-01 12:45:00,2025-10-01 13:45:00,low_engaged
PAR000316,SES000022,STU001,Alice Bello,2025-10-01 12:48:00,2025-10-01 13:45:00,low_engaged
PAR000317,SES000022,STU055,Chinwe Okafor,2025-10-01 12:51:00,2025-10-01 13:45:00,erratic
PAR000318,SES000022,STU007,George Okonkwo,2025-10-01 12:48:00,2025-10-01 13:45:00,high_engaged
PAR000319,SES000022,STU042,Patience Adeyemi,2025-10-01 12:50:00,2025-10-01 13:45:00,moderate
PAR000320,SES000022,STU056,Dayo Bello,2025-10-01 12:55:00,2025-10-01 13:45:00,erratic
PAR000321,SES000022,STU053,Abdul Nwosu,2025-10-01 12:45:00,2025-10-01 13:45:00,high_engaged
PAR000322,SES000022,STU036,Jide Abubakar,2025-10-01 12:45:00,2025-10-01 13:45:00,high_engaged
PAR000323,SES000022,STU016,Paula Mohammed,2025-10-01 12:55:00,2025-10-01 13:45:00,low_engaged
PAR000324,SES000022,STU067,Obi Bello,2025-10-01 12:49:00,2025-10-01 13:45:00,high_engaged
PAR000325,SES000022,STU060,Habib Hassan,2025-10-01 12:52:00,2025-10-01 13:45:00,moderate
PAR000326,SES000022,STU064,Lami Johnson,2025-10-01 12:50:00,2025-10-01 13:45:00,moderate
PAR000327,SES000022,STU047,Uche Okonkwo,2025-10-01 12:50:00,2025-10-01 13:45:00,moderate
PAR000328,SES000022,STU034,Halima Nwosu,2025-10-01 12:48:00,2025-10-01 13:45:00,high_engaged
PAR000329,SES000022,STU049,Wunmi Hassan,2025-10-01 12:54:00,2025-10-01 13:45:00,erratic
PAR000330,SES000022,STU003,Charlie Adeyemi,2025-10-01 12:46:00,2025-10-01 13:45:00,low_engaged
PAR000331,SES000022,STU057,Esther Adeyemi,2025-10-01 12:54:00,2025-10-01 13:45:00,moderate
PAR000332,SES000022,STU065,Maryam Okafor,2025-10-01 12:45:00,2025-10-01 13:45:00,high_engaged
PAR000333,SES000022,STU015,Oscar Smith,2025-10-01 12:51:00,2025-10-01 13:45:00,high_engaged
PAR000334,SES000022,STU004,Diana Nwosu,2025-10-01 12:46:00,2025-10-01 13:45:00,moderate
PAR000335,SES000023,STU057,Esther Adeyemi,2025-10-02 15:55:00,2025-10-02 16:45:00,moderate
PAR000336,SES000023,STU008,Hannah Nwosu,2025-10-02 15:46:00,2025-10-02 16:45:00,moderate
PAR000337,SES000023,STU039,Musa Johnson,2025-10-02 15:53:00,2025-10-02 16:45:00,moderate
PAR000338,SES000023,STU079,Bob Hassan,2025-10-02 15:51:00,2025-10-02 16:45:00,low_engaged
PAR000339,SES000024,STU053,Abdul Nwosu,2025-10-03 08:48:00,2025-10-03 09:30:00,high_engaged
PAR000340,SES000024,STU030,Dara Okafor,2025-10-03 08:47:00,2025-10-03 09:30:00,low_engaged
PAR000341,SES000024,STU077,Zubair Mohammed,2025-10-03 08:49:00,2025-10-03 09:30:00,low_engaged
PAR000342,SES000024,STU002,Bob Okafor,2025-10-03 08:52:00,2025-10-03 09:30:00,low_engaged
PAR000343,SES000024,STU059,Gloria Bello,2025-10-03 08:52:00,2025-10-03 09:30:00,low_engaged
PAR000344,SES000024,STU050,Xavier Okafor,2025-10-03 08:47:00,2025-10-03 09:30:00,low_engaged
PAR000345,SES000024,STU060,Habib Hassan,2025-10-03 08:45:00,2025-10-03 09:30:00,moderate
PAR000346,SES000024,STU055,Chinwe Okafor,2025-10-03 08:54:00,2025-10-03 09:30:00,erratic
PAR000347,SES000024,STU013,Michael Johnson,2025-10-03 08:55:00,2025-10-03 09:30:00,erratic
PAR000348,SES000024,STU044,Rashida Smith,2025-10-03 08:49:00,2025-10-03 09:30:00,high_engaged
PAR000349,SES000024,STU004,Diana Nwosu,2025-10-03 08:53:00,2025-10-03 09:30:00,moderate
PAR000350,SES000024,STU076,Yakubu Hassan,2025-10-03 08:47:00,2025-10-03 09:30:00,low_engaged
PAR000351,SES000024,STU067,Obi Bello,2025-10-03 08:54:00,2025-10-03 09:30:00,high_engaged
PAR000352,SES000024,STU043,Qudus Smith,2025-10-03 08:50:00,2025-10-03 09:30:00,low_engaged
PAR000353,SES000024,STU025,Yusuf Mohammed,2025-10-03 08:53:00,2025-10-03 09:30:00,high_engaged
PAR000354,SES000024,STU014,Nina Nwosu,2025-10-03 08:55:00,2025-10-03 09:30:00,moderate
PAR000355,SES000024,STU065,Maryam Okafor,2025-10-03 08:48:00,2025-10-03 09:30:00,high_engaged
PAR000356,SES000024,STU001,Alice Bello,2025-10-03 08:53:00,2025-10-03 09:30:00,low_engaged
PAR000357,SES000024,STU039,Musa Johnson,2025-10-03 08:51:00,2025-10-03 09:30:00,moderate
PAR000358,SES000024,STU046,Tolu Okonkwo,2025-10-03 08:48:00,2025-10-03 09:30:00,moderate
PAR000359,SES000024,STU005,Evan Mohammed,2025-10-03 08:48:00,2025-10-03 09:30:00,erratic
PAR000360,SES000024,STU038,Lola Hassan,2025-10-03 08:50:00,2025-10-03 09:30:00,moderate
PAR000361,SES000025,STU060,Habib Hassan,2025-10-05 10:03:00,2025-10-05 11:30:00,moderate
PAR000362,SES000025,STU077,Zubair Mohammed,2025-10-05 10:03:00,2025-10-05 11:30:00,low_engaged
PAR000363,SES000025,STU043,Qudus Smith,2025-10-05 10:05:00,2025-10-05 11:30:00,low_engaged
PAR000364,SES000025,STU075,Williams Okonkwo,2025-10-05 10:06:00,2025-10-05 11:30:00,erratic
PAR000365,SES000025,STU073,Umaru Hassan,2025-10-05 10:02:00,2025-10-05 11:30:00,high_engaged
PAR000366,SES000025,STU078,Alice Abubakar,2025-10-05 10:00:00,2025-10-05 11:30:00,moderate
PAR000367,SES000025,STU039,Musa Johnson,2025-10-05 10:01:00,2025-10-05 11:30:00,moderate
PAR000368,SES000025,STU054,Blessing Okonkwo,2025-10-05 10:08:00,2025-10-05 11:30:00,high_engaged
PAR000369,SES000025,STU079,Bob Hassan,2025-10-05 10:04:00,2025-10-05 11:30:00,low_engaged
PAR000370,SES000025,STU021,Umar Nwosu,2025-10-05 10:10:00,2025-10-05 11:30:00,high_engaged
PAR000371,SES000025,STU014,Nina Nwosu,2025-10-05 10:05:00,2025-10-05 10:13:00,moderate
PAR000372,SES000025,STU059,Gloria Bello,2025-10-05 10:03:00,2025-10-05 11:30:00,low_engaged
PAR000373,SES000025,STU006,Fiona Nwosu,2025-10-05 10:02:00,2025-10-05 11:30:00,high_engaged
PAR000374,SES000025,STU064,Lami Johnson,2025-10-05 10:04:00,2025-10-05 11:30:00,moderate
PAR000375,SES000025,STU029,Chidi Okafor,2025-10-05 10:05:00,2025-10-05 11:30:00,high_engaged
PAR000376,SES000025,STU001,Alice Bello,2025-10-05 10:03:00,2025-10-05 11:30:00,low_engaged
PAR000377,SES000025,STU066,Nnamdi Nwosu,2025-10-05 10:00:00,2025-10-05 11:30:00,erratic
PAR000378,SES000025,STU045,Sani Adeyemi,2025-10-05 10:04:00,2025-10-05 11:30:00,low_engaged
PAR000379,SES000026,STU018,Rachel Smith,2025-10-05 12:20:00,2025-10-05 14:45:00,moderate
PAR000380,SES000026,STU049,Wunmi Hassan,2025-10-05 12:19:00,2025-10-05 14:45:00,erratic
PAR000381,SES000026,STU015,Oscar Smith,2025-10-05 12:20:00,2025-10-05 14:45:00,high_engaged
PAR000382,SES000027,STU022,Vera Bello,2025-10-06 08:00:00,2025-10-06 09:15:00,low_engaged
PAR000383,SES000027,STU068,Peace Mohammed,2025-10-06 08:04:00,2025-10-06 09:15:00,erratic
PAR000384,SES000027,STU056,Dayo Bello,2025-10-06 08:08:00,2025-10-06 09:15:00,erratic
PAR000385,SES000027,STU009,Ian Okafor,2025-10-06 08:07:00,2025-10-06 09:15:00,low_engaged
PAR000386,SES000027,STU016,Paula Mohammed,2025-10-06 08:01:00,2025-10-06 09:15:00,low_engaged
PAR000387,SES000027,STU019,Sam Abubakar,2025-10-06 08:10:00,2025-10-06 09:15:00,moderate
PAR000388,SES000027,STU017,Quinn Smith,2025-10-06 08:02:00,2025-10-06 09:15:00,erratic
PAR000389,SES000027,STU025,Yusuf Mohammed,2025-10-06 08:10:00,2025-10-06 09:15:00,high_engaged
PAR000390,SES000027,STU073,Umaru Hassan,2025-10-06 08:05:00,2025-10-06 09:15:00,high_engaged
PAR000391,SES000027,STU069,Quadri Smith,2025-10-06 08:07:00,2025-10-06 09:15:00,high_engaged
PAR000392,SES000027,STU049,Wunmi Hassan,2025-10-06 08:05:00,2025-10-06 09:15:00,erratic
PAR000393,SES000027,STU048,Victor Abubakar,2025-10-06 08:07:00,2025-10-06 09:15:00,moderate
PAR000394,SES000027,STU041,Olu Mohammed,2025-10-06 08:07:00,2025-10-06 09:15:00,erratic
PAR000395,SES000027,STU055,Chinwe Okafor,2025-10-06 08:09:00,2025-10-06 09:15:00,erratic
PAR000396,SES000027,STU032,Funmi Mohammed,2025-10-06 08:09:00,2025-10-06 09:15:00,erratic
PAR000397,SES000027,STU006,Fiona Nwosu,2025-10-06 08:03:00,2025-10-06 09:15:00,high_engaged
PAR000398,SES000027,STU072,Temitope Adeyemi,2025-10-06 08:03:00,2025-10-06 09:15:00,low_engaged
PAR000399,SES000027,STU067,Obi Bello,2025-10-06 08:03:00,2025-10-06 09:15:00,high_engaged
PAR000400,SES000027,STU035,Ifeanyi Abubakar,2025-10-06 08:04:00,2025-10-06 09:15:00,moderate
PAR000401,SES000027,STU075,Williams Okonkwo,2025-10-06 08:06:00,2025-10-06 09:15:00,erratic
PAR000402,SES000027,STU051,Yemi Smith,2025-10-06 08:05:00,2025-10-06 09:15:00,low_engaged
PAR000403,SES000027,STU010,Julia Hassan,2025-10-06 08:01:00,2025-10-06 09:15:00,high_engaged
PAR000404,SES000027,STU021,Umar Nwosu,2025-10-06 08:01:00,2025-10-06 09:15:00,high_engaged
PAR000405,SES000027,STU076,Yakubu Hassan,2025-10-06 08:08:00,2025-10-06 09:15:00,low_engaged
PAR000406,SES000028,STU006,Fiona Nwosu,2025-10-09 12:20:00,2025-10-09 13:45:00,high_engaged
PAR000407,SES000028,STU060,Habib Hassan,2025-10-09 12:19:00,2025-10-09 13:45:00,moderate
PAR000408,SES000028,STU066,Nnamdi Nwosu,2025-10-09 12:23:00,2025-10-09 13:45:00,erratic
PAR000409,SES000028,STU044,Rashida Smith,2025-10-09 12:16:00,2025-10-09 13:45:00,high_engaged
PAR000410,SES000028,STU055,Chinwe Okafor,2025-10-09 12:18:00,2025-10-09 12:32:00,erratic
PAR000411,SES000028,STU058,Femi Smith,2025-10-09 12:20:00,2025-10-09 12:50:00,erratic
PAR000412,SES000028,STU079,Bob Hassan,2025-10-09 12:20:00,2025-10-09 13:45:00,low_engaged
PAR000413,SES000028,STU056,Dayo Bello,2025-10-09 12:20:00,2025-10-09 13:45:00,erratic
PAR000414,SES000028,STU053,Abdul Nwosu,2025-10-09 12:25:00,2025-10-09 13:45:00,high_engaged
PAR000415,SES000028,STU048,Victor Abubakar,2025-10-09 12:18:00,2025-10-09 13:45:00,moderate
PAR000416,SES000028,STU064,Lami Johnson,2025-10-09 12:17:00,2025-10-09 13:45:00,moderate
PAR000417,SES000028,STU041,Olu Mohammed,2025-10-09 12:23:00,2025-10-09 13:45:00,erratic
PAR000418,SES000028,STU035,Ifeanyi Abubakar,2025-10-09 12:15:00,2025-10-09 13:45:00,moderate
PAR000419,SES000028,STU049,Wunmi Hassan,2025-10-09 12:19:00,2025-10-09 13:45:00,erratic
PAR000420,SES000028,STU004,Diana Nwosu,2025-10-09 12:21:00,2025-10-09 13:45:00,moderate
PAR000421,SES000028,STU023,Wale Smith,2025-10-09 12:24:00,2025-10-09 13:45:00,moderate
PAR000422,SES000028,STU057,Esther Adeyemi,2025-10-09 12:15:00,2025-10-09 13:45:00,moderate
PAR000423,SES000028,STU015,Oscar Smith,2025-10-09 12:23:00,2025-10-09 13:45:00,high_engaged
PAR000424,SES000028,STU017,Quinn Smith,2025-10-09 12:17:00,2025-10-09 13:45:00,erratic
PAR000425,SES000028,STU042,Patience Adeyemi,2025-10-09 12:18:00,2025-10-09 13:45:00,moderate
PAR000426,SES000028,STU005,Evan Mohammed,2025-10-09 12:18:00,2025-10-09 13:45:00,erratic
PAR000427,SES000029,STU076,Yakubu Hassan,2025-10-11 09:30:00,2025-10-11 11:30:00,low_engaged
PAR000428,SES000029,STU071,Segun Hassan,2025-10-11 09:40:00,2025-10-11 11:30:00,low_engaged
PAR000429,SES000029,STU060,Habib Hassan,2025-10-11 09:35:00,2025-10-11 11:30:00,moderate
PAR000430,SES000029,STU078,Alice Abubakar,2025-10-11 09:36:00,2025-10-11 11:30:00,moderate
PAR000431,SES000029,STU044,Rashida Smith,2025-10-11 09:36:00,2025-10-11 11:30:00,high_engaged
PAR000432,SES000029,STU011,Kevin Okonkwo,2025-10-11 09:38:00,2025-10-11 11:30:00,high_engaged
PAR000433,SES000029,STU041,Olu Mohammed,2025-10-11 09:39:00,2025-10-11 11:24:00,erratic
PAR000434,SES000029,STU025,Yusuf Mohammed,2025-10-11 09:30:00,2025-10-11 11:30:00,high_engaged
PAR000435,SES000029,STU055,Chinwe Okafor,2025-10-11 09:32:00,2025-10-11 11:30:00,erratic
PAR000436,SES000029,STU054,Blessing Okonkwo,2025-10-11 09:35:00,2025-10-11 11:30:00,high_engaged
PAR000437,SES000029,STU027,Ade Hassan,2025-10-11 09:39:00,2025-10-11 11:30:00,high_engaged
PAR000438,SES000029,STU057,Esther Adeyemi,2025-10-11 09:39:00,2025-10-11 11:30:00,moderate
PAR000439,SES000029,STU058,Femi Smith,2025-10-11 09:36:00,2025-10-11 11:30:00,erratic
PAR000440,SES000029,STU004,Diana Nwosu,2025-10-11 09:36:00,2025-10-11 11:30:00,moderate
PAR000441,SES000029,STU048,Victor Abubakar,2025-10-11 09:36:00,2025-10-11 11:30:00,moderate
PAR000442,SES000029,STU018,Rachel Smith,2025-10-11 09:31:00,2025-10-11 11:30:00,moderate
PAR000443,SES000029,STU017,Quinn Smith,2025-10-11 09:37:00,2025-10-11 11:30:00,erratic
PAR000444,SES000029,STU020,Tina Nwosu,2025-10-11 09:34:00,2025-10-11 11:30:00,high_engaged
PAR000445,SES000029,STU061,Idris Adeyemi,2025-10-11 09:31:00,2025-10-11 11:30:00,moderate
PAR000446,SES000030,STU005,Evan Mohammed,2025-10-12 14:34:00,2025-10-12 16:30:00,erratic
PAR000447,SES000030,STU078,Alice Abubakar,2025-10-12 14:34:00,2025-10-12 16:30:00,moderate
PAR000448,SES000030,STU063,Kazeem Hassan,2025-10-12 14:31:00,2025-10-12 16:30:00,erratic
PAR000449,SES000030,STU004,Diana Nwosu,2025-10-12 14:35:00,2025-10-12 16:30:00,moderate
PAR000450,SES000030,STU024,Xena Adeyemi,2025-10-12 14:32:00,2025-10-12 16:30:00,moderate
PAR000451,SES000030,STU026,Zara Okonkwo,2025-10-12 14:36:00,2025-10-12 16:30:00,moderate
PAR000452,SES000030,STU009,Ian Okafor,2025-10-12 14:31:00,2025-10-12 15:29:00,low_engaged
PAR000453,SES000030,STU050,Xavier Okafor,2025-10-12 14:37:00,2025-10-12 16:30:00,low_engaged
PAR000454,SES000031,STU027,Ade Hassan,2025-10-13 09:22:00,2025-10-13 11:45:00,high_engaged
PAR000455,SES000031,STU017,Quinn Smith,2025-10-13 09:21:00,2025-10-13 11:45:00,erratic
PAR000456,SES000031,STU080,Charlie Johnson,2025-10-13 09:18:00,2025-10-13 11:45:00,moderate
PAR000457,SES000031,STU040,Nkechi Johnson,2025-10-13 09:24:00,2025-10-13 11:45:00,moderate
PAR000458,SES000031,STU056,Dayo Bello,2025-10-13 09:22:00,2025-10-13 11:45:00,erratic
PAR000459,SES000031,STU061,Idris Adeyemi,2025-10-13 09:15:00,2025-10-13 11:45:00,moderate
PAR000460,SES000031,STU021,Umar Nwosu,2025-10-13 09:19:00,2025-10-13 11:45:00,high_engaged
PAR000461,SES000031,STU077,Zubair Mohammed,2025-10-13 09:22:00,2025-10-13 11:45:00,low_engaged
PAR000462,SES000031,STU026,Zara Okonkwo,2025-10-13 09:19:00,2025-10-13 11:45:00,moderate
PAR000463,SES000031,STU065,Maryam Okafor,2025-10-13 09:17:00,2025-10-13 11:45:00,high_engaged
PAR000464,SES000031,STU059,Gloria Bello,2025-10-13 09:17:00,2025-10-13 11:45:00,low_engaged
PAR000465,SES000031,STU036,Jide Abubakar,2025-10-13 09:21:00,2025-10-13 11:45:00,high_engaged
PAR000466,SES000031,STU072,Temitope Adeyemi,2025-10-13 09:25:00,2025-10-13 11:45:00,low_engaged
PAR000467,SES000031,STU001,Alice Bello,2025-10-13 09:24:00,2025-10-13 09:40:00,low_engaged
PAR000468,SES000031,STU019,Sam Abubakar,2025-10-13 09:18:00,2025-10-13 11:45:00,moderate
PAR000469,SES000032,STU036,Jide Abubakar,2025-10-15 16:46:00,2025-10-15 19:15:00,high_engaged
PAR000470,SES000032,STU069,Quadri Smith,2025-10-15 16:46:00,2025-10-15 19:15:00,high_engaged
PAR000471,SES000032,STU038,Lola Hassan,2025-10-15 16:53:00,2025-10-15 19:15:00,moderate
PAR000472,SES000032,STU009,Ian Okafor,2025-10-15 16:50:00,2025-10-15 19:15:00,low_engaged
PAR000473,SES000032,STU028,Bisi Nwosu,2025-10-15 16:47:00,2025-10-15 19:15:00,low_engaged
PAR000474,SES000032,STU064,Lami Johnson,2025-10-15 16:53:00,2025-10-15 17:04:00,moderate
PAR000475,SES000032,STU053,Abdul Nwosu,2025-10-15 16:46:00,2025-10-15 19:15:00,high_engaged
PAR000476,SES000032,STU071,Segun Hassan,2025-10-15 16:55:00,2025-10-15 19:15:00,low_engaged
PAR000477,SES000033,STU044,Rashida Smith,2025-10-16 14:53:00,2025-10-16 16:15:00,high_engaged
PAR000478,SES000033,STU052,Zainab Hassan,2025-10-16 14:52:00,2025-10-16 15:32:00,low_engaged
PAR000479,SES000033,STU025,Yusuf Mohammed,2025-10-16 14:47:00,2025-10-16 16:15:00,high_engaged
PAR000480,SES000033,STU051,Yemi Smith,2025-10-16 14:45:00,2025-10-16 16:15:00,low_engaged
PAR000481,SES000033,STU005,Evan Mohammed,2025-10-16 14:47:00,2025-10-16 16:15:00,erratic
PAR000482,SES000033,STU002,Bob Okafor,2025-10-16 14:53:00,2025-10-16 16:15:00,low_engaged
PAR000483,SES000033,STU033,Gbenga Johnson,2025-10-16 14:47:00,2025-10-16 14:53:00,erratic
PAR000484,SES000033,STU015,Oscar Smith,2025-10-16 14:55:00,2025-10-16 16:15:00,high_engaged
PAR000485,SES000033,STU018,Rachel Smith,2025-10-16 14:52:00,2025-10-16 16:15:00,moderate
PAR000486,SES000033,STU042,Patience Adeyemi,2025-10-16 14:48:00,2025-10-16 16:15:00,moderate
PAR000487,SES000033,STU060,Habib Hassan,2025-10-16 14:55:00,2025-10-16 16:15:00,moderate
PAR000488,SES000033,STU063,Kazeem Hassan,2025-10-16 14:52:00,2025-10-16 16:15:00,erratic
PAR000489,SES000033,STU070,Rukayat Abubakar,2025-10-16 14:55:00,2025-10-16 16:15:00,low_engaged
PAR000490,SES000033,STU009,Ian Okafor,2025-10-16 14:55:00,2025-10-16 16:15:00,low_engaged
PAR000491,SES000033,STU011,Kevin Okonkwo,2025-10-16 14:55:00,2025-10-16 16:15:00,high_engaged
PAR000492,SES000034,STU040,Nkechi Johnson,2025-10-17 14:00:00,2025-10-17 16:30:00,moderate
PAR000493,SES000034,STU057,Esther Adeyemi,2025-10-17 14:05:00,2025-10-17 16:30:00,moderate
PAR000494,SES000034,STU007,George Okonkwo,2025-10-17 14:10:00,2025-10-17 16:30:00,high_engaged
PAR000495,SES000034,STU077,Zubair Mohammed,2025-10-17 14:03:00,2025-10-17 16:30:00,low_engaged
PAR000496,SES000034,STU001,Alice Bello,2025-10-17 14:01:00,2025-10-17 16:30:00,low_engaged
PAR000497,SES000034,STU078,Alice Abubakar,2025-10-17 14:10:00,2025-10-17 16:30:00,moderate
PAR000498,SES000034,STU049,Wunmi Hassan,2025-10-17 14:02:00,2025-10-17 16:18:00,erratic
PAR000499,SES000034,STU026,Zara Okonkwo,2025-10-17 14:01:00,2025-10-17 16:30:00,moderate
PAR000500,SES000034,STU032,Funmi Mohammed,2025-10-17 14:05:00,2025-10-17 16:30:00,erratic
PAR000501,SES000034,STU048,Victor Abubakar,2025-10-17 14:03:00,2025-10-17 16:30:00,moderate
PAR000502,SES000034,STU031,Emeka Okonkwo,2025-10-17 14:08:00,2025-10-17 16:30:00,moderate
PAR000503,SES000034,STU073,Umaru Hassan,2025-10-17 14:06:00,2025-10-17 16:30:00,high_engaged
PAR000504,SES000034,STU012,Linda Bello,2025-10-17 14:03:00,2025-10-17 15:30:00,low_engaged
PAR000505,SES000034,STU003,Charlie Adeyemi,2025-10-17 14:02:00,2025-10-17 15:27:00,low_engaged
PAR000506,SES000034,STU054,Blessing Okonkwo,2025-10-17 14:00:00,2025-10-17 16:30:00,high_engaged
PAR000507,SES000035,STU029,Chidi Okafor,2025-10-23 15:55:00,2025-10-23 16:45:00,high_engaged
PAR000508,SES000035,STU009,Ian Okafor,2025-10-23 15:47:00,2025-10-23 16:45:00,low_engaged
PAR000509,SES000035,STU036,Jide Abubakar,2025-10-23 15:55:00,2025-10-23 16:45:00,high_engaged
PAR000510,SES000035,STU048,Victor Abubakar,2025-10-23 15:50:00,2025-10-23 16:45:00,moderate
PAR000511,SES000035,STU006,Fiona Nwosu,2025-10-23 15:55:00,2025-10-23 16:45:00,high_engaged
PAR000512,SES000035,STU079,Bob Hassan,2025-10-23 15:50:00,2025-10-23 16:32:00,low_engaged
PAR000513,SES000035,STU028,Bisi Nwosu,2025-10-23 15:52:00,2025-10-23 16:45:00,low_engaged
PAR000514,SES000035,STU053,Abdul Nwosu,2025-10-23 15:55:00,2025-10-23 16:45:00,high_engaged
PAR000515,SES000035,STU039,Musa Johnson,2025-10-23 15:53:00,2025-10-23 16:45:00,moderate
PAR000516,SES000035,STU064,Lami Johnson,2025-10-23 15:45:00,2025-10-23 16:45:00,moderate
PAR000517,SES000035,STU014,Nina Nwosu,2025-10-23 15:54:00,2025-10-23 16:45:00,moderate
PAR000518,SES000035,STU069,Quadri Smith,2025-10-23 15:46:00,2025-10-23 16:45:00,high_engaged
PAR000519,SES000035,STU022,Vera Bello,2025-10-23 15:51:00,2025-10-23 16:45:00,low_engaged
PAR000520,SES000035,STU033,Gbenga Johnson,2025-10-23 15:54:00,2025-10-23 16:07:00,erratic
PAR000521,SES000035,STU013,Michael Johnson,2025-10-23 15:50:00,2025-10-23 16:45:00,erratic
PAR000522,SES000035,STU042,Patience Adeyemi,2025-10-23 15:48:00,2025-10-23 16:45:00,moderate
PAR000523,SES000035,STU050,Xavier Okafor,2025-10-23 15:48:00,2025-10-23 16:45:00,low_engaged
PAR000524,SES000036,STU077,Zubair Mohammed,2025-10-25 16:45:00,2025-10-25 17:45:00,low_engaged
PAR000525,SES000036,STU057,Esther Adeyemi,2025-10-25 16:50:00,2025-10-25 17:45:00,moderate
PAR000526,SES000036,STU043,Qudus Smith,2025-10-25 16:48:00,2025-10-25 17:45:00,low_engaged
PAR000527,SES000036,STU018,Rachel Smith,2025-10-25 16:55:00,2025-10-25 17:45:00,moderate
PAR000528,SES000036,STU036,Jide Abubakar,2025-10-25 16:55:00,2025-10-25 17:45:00,high_engaged
PAR000529,SES000036,STU041,Olu Mohammed,2025-10-25 16:48:00,2025-10-25 17:45:00,erratic
PAR000530,SES000036,STU006,Fiona Nwosu,2025-10-25 16:51:00,2025-10-25 17:45:00,high_engaged
PAR000531,SES000036,STU067,Obi Bello,2025-10-25 16:47:00,2025-10-25 17:45:00,high_engaged
PAR000532,SES000036,STU054,Blessing Okonkwo,2025-10-25 16:45:00,2025-10-25 17:45:00,high_engaged
PAR000533,SES000036,STU037,Kemi Adeyemi,2025-10-25 16:52:00,2025-10-25 17:45:00,high_engaged
PAR000534,SES000037,STU007,George Okonkwo,2025-10-29 13:08:00,2025-10-29 13:45:00,high_engaged
PAR000535,SES000037,STU019,Sam Abubakar,2025-10-29 13:07:00,2025-10-29 13:45:00,moderate
PAR000536,SES000037,STU027,Ade Hassan,2025-10-29 13:03:00,2025-10-29 13:45:00,high_engaged
PAR000537,SES000037,STU017,Quinn Smith,2025-10-29 13:02:00,2025-10-29 13:45:00,erratic
PAR000538,SES000037,STU012,Linda Bello,2025-10-29 13:04:00,2025-10-29 13:45:00,low_engaged
PAR000539,SES000037,STU023,Wale Smith,2025-10-29 13:07:00,2025-10-29 13:45:00,moderate
PAR000540,SES000037,STU071,Segun Hassan,2025-10-29 13:03:00,2025-10-29 13:45:00,low_engaged
PAR000541,SES000037,STU078,Alice Abubakar,2025-10-29 13:07:00,2025-10-29 13:45:00,moderate
PAR000542,SES000037,STU031,Emeka Okonkwo,2025-10-29 13:05:00,2025-10-29 13:45:00,moderate
PAR000543,SES000038,STU061,Idris Adeyemi,2025-10-30 11:06:00,2025-10-30 12:30:00,moderate
PAR000544,SES000038,STU057,Esther Adeyemi,2025-10-30 11:01:00,2025-10-30 12:30:00,moderate
PAR000545,SES000038,STU055,Chinwe Okafor,2025-10-30 11:04:00,2025-10-30 12:30:00,erratic
PAR000546,SES000038,STU065,Maryam Okafor,2025-10-30 11:02:00,2025-10-30 12:30:00,high_engaged
PAR000547,SES000038,STU056,Dayo Bello,2025-10-30 11:02:00,2025-10-30 12:30:00,erratic
PAR000548,SES000038,STU020,Tina Nwosu,2025-10-30 11:07:00,2025-10-30 12:30:00,high_engaged
PAR000549,SES000038,STU062,Joy Adeyemi,2025-10-30 11:04:00,2025-10-30 12:30:00,moderate
PAR000550,SES000038,STU003,Charlie Adeyemi,2025-10-30 11:09:00,2025-10-30 12:30:00,low_engaged
PAR000551,SES000039,STU018,Rachel Smith,2025-11-04 15:35:00,2025-11-04 18:30:00,moderate
PAR000552,SES000039,STU061,Idris Adeyemi,2025-11-04 15:34:00,2025-11-04 18:30:00,moderate
PAR000553,SES000039,STU026,Zara Okonkwo,2025-11-04 15:39:00,2025-11-04 18:30:00,moderate
PAR000554,SES000039,STU020,Tina Nwosu,2025-11-04 15:30:00,2025-11-04 18:30:00,high_engaged
PAR000555,SES000039,STU025,Yusuf Mohammed,2025-11-04 15:31:00,2025-11-04 18:30:00,high_engaged
PAR000556,SES000039,STU001,Alice Bello,2025-11-04 15:39:00,2025-11-04 18:30:00,low_engaged
PAR000557,SES000039,STU002,Bob Okafor,2025-11-04 15:36:00,2025-11-04 18:30:00,low_engaged
PAR000558,SES000039,STU065,Maryam Okafor,2025-11-04 15:35:00,2025-11-04 18:30:00,high_engaged
PAR000559,SES000039,STU048,Victor Abubakar,2025-11-04 15:37:00,2025-11-04 18:30:00,moderate
PAR000560,SES000039,STU063,Kazeem Hassan,2025-11-04 15:35:00,2025-11-04 18:30:00,erratic
PAR000561,SES000039,STU052,Zainab Hassan,2025-11-04 15:40:00,2025-11-04 18:30:00,low_engaged
PAR000562,SES000039,STU054,Blessing Okonkwo,2025-11-04 15:36:00,2025-11-04 18:30:00,high_engaged
PAR000563,SES000039,STU051,Yemi Smith,2025-11-04 15:33:00,2025-11-04 18:30:00,low_engaged
PAR000564,SES000040,STU004,Diana Nwosu,2025-11-06 13:38:00,2025-11-06 14:30:00,moderate
PAR000565,SES000040,STU019,Sam Abubakar,2025-11-06 13:36:00,2025-11-06 14:30:00,moderate
PAR000566,SES000040,STU034,Halima Nwosu,2025-11-06 13:36:00,2025-11-06 14:30:00,high_engaged
PAR000567,SES000040,STU059,Gloria Bello,2025-11-06 13:34:00,2025-11-06 14:30:00,low_engaged
PAR000568,SES000040,STU079,Bob Hassan,2025-11-06 13:38:00,2025-11-06 14:30:00,low_engaged
PAR000569,SES000040,STU033,Gbenga Johnson,2025-11-06 13:36:00,2025-11-06 14:30:00,erratic
PAR000570,SES000040,STU032,Funmi Mohammed,2025-11-06 13:36:00,2025-11-06 14:30:00,erratic
PAR000571,SES000040,STU021,Umar Nwosu,2025-11-06 13:31:00,2025-11-06 14:30:00,high_engaged
PAR000572,SES000040,STU002,Bob Okafor,2025-11-06 13:39:00,2025-11-06 14:30:00,low_engaged
PAR000573,SES000040,STU015,Oscar Smith,2025-11-06 13:35:00,2025-11-06 14:30:00,high_engaged
PAR000574,SES000040,STU012,Linda Bello,2025-11-06 13:34:00,2025-11-06 14:30:00,low_engaged
PAR000575,SES000040,STU050,Xavier Okafor,2025-11-06 13:36:00,2025-11-06 14:30:00,low_engaged
PAR000576,SES000040,STU051,Yemi Smith,2025-11-06 13:30:00,2025-11-06 14:30:00,low_engaged
PAR000577,SES000040,STU011,Kevin Okonkwo,2025-11-06 13:37:00,2025-11-06 13:46:00,high_engaged
PAR000578,SES000041,STU054,Blessing Okonkwo,2025-11-14 08:04:00,2025-11-14 09:30:00,high_engaged
PAR000579,SES000041,STU068,Peace Mohammed,2025-11-14 08:06:00,2025-11-14 09:30:00,erratic
PAR000580,SES000041,STU080,Charlie Johnson,2025-11-14 08:09:00,2025-11-14 09:30:00,moderate
PAR000581,SES000041,STU037,Kemi Adeyemi,2025-11-14 08:10:00,2025-11-14 09:30:00,high_engaged
PAR000582,SES000041,STU056,Dayo Bello,2025-11-14 08:04:00,2025-11-14 08:24:00,erratic
PAR000583,SES000041,STU022,Vera Bello,2025-11-14 08:04:00,2025-11-14 08:12:00,low_engaged
PAR000584,SES000041,STU023,Wale Smith,2025-11-14 08:09:00,2025-11-14 09:30:00,moderate
PAR000585,SES000041,STU048,Victor Abubakar,2025-11-14 08:07:00,2025-11-14 09:30:00,moderate
PAR000586,SES000041,STU024,Xena Adeyemi,2025-11-14 08:01:00,2025-11-14 08:40:00,moderate
PAR000587,SES000041,STU018,Rachel Smith,2025-11-14 08:00:00,2025-11-14 09:30:00,moderate
PAR000588,SES000041,STU026,Zara Okonkwo,2025-11-14 08:00:00,2025-11-14 09:30:00,moderate
PAR000589,SES000041,STU063,Kazeem Hassan,2025-11-14 08:08:00,2025-11-14 09:30:00,erratic
PAR000590,SES000041,STU072,Temitope Adeyemi,2025-11-14 08:06:00,2025-11-14 09:30:00,low_engaged
PAR000591,SES000041,STU065,Maryam Okafor,2025-11-14 08:04:00,2025-11-14 09:30:00,high_engaged
PAR000592,SES000041,STU015,Oscar Smith,2025-11-14 08:07:00,2025-11-14 09:30:00,high_engaged
PAR000593,SES000041,STU058,Femi Smith,2025-11-14 08:09:00,2025-11-14 09:30:00,erratic
PAR000594,SES000041,STU028,Bisi Nwosu,2025-11-14 08:05:00,2025-11-14 09:30:00,low_engaged
PAR000595,SES000041,STU012,Linda Bello,2025-11-14 08:05:00,2025-11-14 09:30:00,low_engaged
PAR000596,SES000041,STU013,Michael Johnson,2025-11-14 08:03:00,2025-11-14 09:30:00,erratic
PAR000597,SES000041,STU004,Diana Nwosu,2025-11-14 08:10:00,2025-11-14 09:30:00,moderate
PAR000598,SES000041,STU073,Umaru Hassan,2025-11-14 08:09:00,2025-11-14 09:30:00,high_engaged
PAR000599,SES000041,STU069,Quadri Smith,2025-11-14 08:05:00,2025-11-14 09:30:00,high_engaged
PAR000600,SES000041,STU052,Zainab Hassan,2025-11-14 08:01:00,2025-11-14 08:57:00,low_engaged
PAR000601,SES000041,STU049,Wunmi Hassan,2025-11-14 08:02:00,2025-11-14 08:22:00,erratic
PAR000602,SES000041,STU062,Joy Adeyemi,2025-11-14 08:08:00,2025-11-14 09:30:00,moderate
PAR000603,SES000042,STU032,Funmi Mohammed,2025-11-14 15:16:00,2025-11-14 16:00:00,erratic
PAR000604,SES000042,STU048,Victor Abubakar,2025-11-14 15:19:00,2025-11-14 16:00:00,moderate
PAR000605,SES000042,STU058,Femi Smith,2025-11-14 15:17:00,2025-11-14 16:00:00,erratic
PAR000606,SES000042,STU061,Idris Adeyemi,2025-11-14 15:24:00,2025-11-14 16:00:00,moderate
PAR000607,SES000042,STU066,Nnamdi Nwosu,2025-11-14 15:23:00,2025-11-14 15:43:00,erratic
PAR000608,SES000042,STU053,Abdul Nwosu,2025-11-14 15:16:00,2025-11-14 16:00:00,high_engaged
PAR000609,SES000042,STU025,Yusuf Mohammed,2025-11-14 15:25:00,2025-11-14 16:00:00,high_engaged
PAR000610,SES000042,STU001,Alice Bello,2025-11-14 15:22:00,2025-11-14 16:00:00,low_engaged
PAR000611,SES000042,STU042,Patience Adeyemi,2025-11-14 15:22:00,2025-11-14 16:00:00,moderate
PAR000612,SES000042,STU003,Charlie Adeyemi,2025-11-14 15:22:00,2025-11-14 16:00:00,low_engaged
PAR000613,SES000042,STU047,Uche Okonkwo,2025-11-14 15:18:00,2025-11-14 16:00:00,moderate
PAR000614,SES000042,STU006,Fiona Nwosu,2025-11-14 15:17:00,2025-11-14 16:00:00,high_engaged
PAR000615,SES000042,STU072,Temitope Adeyemi,2025-11-14 15:25:00,2025-11-14 16:00:00,low_engaged
PAR000616,SES000042,STU057,Esther Adeyemi,2025-11-14 15:16:00,2025-11-14 16:00:00,moderate
PAR000617,SES000042,STU030,Dara Okafor,2025-11-14 15:15:00,2025-11-14 16:00:00,low_engaged
PAR000618,SES000042,STU063,Kazeem Hassan,2025-11-14 15:20:00,2025-11-14 16:00:00,erratic
PAR000619,SES000042,STU052,Zainab Hassan,2025-11-14 15:19:00,2025-11-14 16:00:00,low_engaged
PAR000620,SES000042,STU079,Bob Hassan,2025-11-14 15:19:00,2025-11-14 16:00:00,low_engaged
PAR000621,SES000042,STU040,Nkechi Johnson,2025-11-14 15:25:00,2025-11-14 16:00:00,moderate
PAR000622,SES000042,STU051,Yemi Smith,2025-11-14 15:17:00,2025-11-14 16:00:00,low_engaged
PAR000623,SES000042,STU069,Quadri Smith,2025-11-14 15:25:00,2025-11-14 16:00:00,high_engaged
PAR000624,SES000042,STU023,Wale Smith,2025-11-14 15:16:00,2025-11-14 16:00:00,moderate
PAR000625,SES000042,STU028,Bisi Nwosu,2025-11-14 15:20:00,2025-11-14 16:00:00,low_engaged
PAR000626,SES000042,STU031,Emeka Okonkwo,2025-11-14 15:24:00,2025-11-14 16:00:00,moderate
PAR000627,SES000042,STU043,Qudus Smith,2025-11-14 15:24:00,2025-11-14 15:39:00,low_engaged
PAR000628,SES000043,STU049,Wunmi Hassan,2025-11-17 16:02:00,2025-11-17 17:30:00,erratic
PAR000629,SES000043,STU072,Temitope Adeyemi,2025-11-17 16:06:00,2025-11-17 17:30:00,low_engaged
PAR000630,SES000043,STU056,Dayo Bello,2025-11-17 16:00:00,2025-11-17 17:30:00,erratic
PAR000631,SES000043,STU030,Dara Okafor,2025-11-17 16:09:00,2025-11-17 17:30:00,low_engaged
PAR000632,SES000043,STU029,Chidi Okafor,2025-11-17 16:06:00,2025-11-17 17:30:00,high_engaged
PAR000633,SES000043,STU034,Halima Nwosu,2025-11-17 16:05:00,2025-11-17 17:30:00,high_engaged
PAR000634,SES000043,STU015,Oscar Smith,2025-11-17 16:10:00,2025-11-17 17:30:00,high_engaged
PAR000635,SES000043,STU038,Lola Hassan,2025-11-17 16:02:00,2025-11-17 17:30:00,moderate
PAR000636,SES000043,STU012,Linda Bello,2025-11-17 16:09:00,2025-11-17 17:30:00,low_engaged
PAR000637,SES000043,STU074,Vivian Hassan,2025-11-17 16:01:00,2025-11-17 17:30:00,erratic
PAR000638,SES000043,STU079,Bob Hassan,2025-11-17 16:08:00,2025-11-17 17:30:00,low_engaged
PAR000639,SES000043,STU044,Rashida Smith,2025-11-17 16:05:00,2025-11-17 17:30:00,high_engaged
PAR000640,SES000043,STU025,Yusuf Mohammed,2025-11-17 16:04:00,2025-11-17 17:30:00,high_engaged
PAR000641,SES000043,STU071,Segun Hassan,2025-11-17 16:07:00,2025-11-17 17:30:00,low_engaged
PAR000642,SES000043,STU048,Victor Abubakar,2025-11-17 16:02:00,2025-11-17 17:30:00,moderate
PAR000643,SES000044,STU005,Evan Mohammed,2025-11-19 10:24:00,2025-11-19 13:15:00,erratic
PAR000644,SES000044,STU077,Zubair Mohammed,2025-11-19 10:18:00,2025-11-19 13:15:00,low_engaged
PAR000645,SES000044,STU041,Olu Mohammed,2025-11-19 10:21:00,2025-11-19 11:51:00,erratic
PAR000646,SES000044,STU040,Nkechi Johnson,2025-11-19 10:17:00,2025-11-19 13:15:00,moderate
PAR000647,SES000044,STU065,Maryam Okafor,2025-11-19 10:18:00,2025-11-19 13:15:00,high_engaged
PAR000648,SES000044,STU016,Paula Mohammed,2025-11-19 10:18:00,2025-11-19 13:15:00,low_engaged
PAR000649,SES000044,STU036,Jide Abubakar,2025-11-19 10:15:00,2025-11-19 13:15:00,high_engaged
PAR000650,SES000045,STU063,Kazeem Hassan,2025-11-23 13:51:00,2025-11-23 15:15:00,erratic
PAR000651,SES000045,STU051,Yemi Smith,2025-11-23 13:50:00,2025-11-23 15:15:00,low_engaged
PAR000652,SES000045,STU039,Musa Johnson,2025-11-23 13:51:00,2025-11-23 15:15:00,moderate
PAR000653,SES000045,STU021,Umar Nwosu,2025-11-23 13:49:00,2025-11-23 15:15:00,high_engaged
PAR000654,SES000045,STU003,Charlie Adeyemi,2025-11-23 13:48:00,2025-11-23 15:15:00,low_engaged
PAR000655,SES000045,STU071,Segun Hassan,2025-11-23 13:53:00,2025-11-23 15:15:00,low_engaged
PAR000656,SES000045,STU079,Bob Hassan,2025-11-23 13:47:00,2025-11-23 15:15:00,low_engaged
PAR000657,SES000045,STU044,Rashida Smith,2025-11-23 13:54:00,2025-11-23 15:15:00,high_engaged
PAR000658,SES000046,STU039,Musa Johnson,2025-11-25 14:17:00,2025-11-25 16:15:00,moderate
PAR000659,SES000046,STU059,Gloria Bello,2025-11-25 14:22:00,2025-11-25 16:15:00,low_engaged
PAR000660,SES000046,STU021,Umar Nwosu,2025-11-25 14:17:00,2025-11-25 16:15:00,high_engaged
PAR000661,SES000046,STU074,Vivian Hassan,2025-11-25 14:18:00,2025-11-25 16:15:00,erratic
PAR000662,SES000047,STU047,Uche Okonkwo,2025-11-25 15:25:00,2025-11-25 17:15:00,moderate
PAR000663,SES000047,STU074,Vivian Hassan,2025-11-25 15:17:00,2025-11-25 17:15:00,erratic
PAR000664,SES000047,STU014,Nina Nwosu,2025-11-25 15:21:00,2025-11-25 17:15:00,moderate
PAR000665,SES000048,STU008,Hannah Nwosu,2025-11-26 09:10:00,2025-11-26 10:30:00,moderate
PAR000666,SES000048,STU013,Michael Johnson,2025-11-26 09:06:00,2025-11-26 10:30:00,erratic
PAR000667,SES000048,STU046,Tolu Okonkwo,2025-11-26 09:10:00,2025-11-26 10:30:00,moderate
PAR000668,SES000048,STU061,Idris Adeyemi,2025-11-26 09:03:00,2025-11-26 09:38:00,moderate
PAR000669,SES000048,STU023,Wale Smith,2025-11-26 09:06:00,2025-11-26 10:30:00,moderate
PAR000670,SES000048,STU007,George Okonkwo,2025-11-26 09:09:00,2025-11-26 10:30:00,high_engaged
PAR000671,SES000048,STU016,Paula Mohammed,2025-11-26 09:10:00,2025-11-26 10:30:00,low_engaged
PAR000672,SES000048,STU066,Nnamdi Nwosu,2025-11-26 09:10:00,2025-11-26 10:30:00,erratic
PAR000673,SES000049,STU049,Wunmi Hassan,2025-11-28 10:06:00,2025-11-28 13:00:00,erratic
PAR000674,SES000049,STU036,Jide Abubakar,2025-11-28 10:10:00,2025-11-28 13:00:00,high_engaged
PAR000675,SES000049,STU057,Esther Adeyemi,2025-11-28 10:04:00,2025-11-28 13:00:00,moderate
PAR000676,SES000049,STU048,Victor Abubakar,2025-11-28 10:01:00,2025-11-28 13:00:00,moderate
PAR000677,SES000049,STU002,Bob Okafor,2025-11-28 10:08:00,2025-11-28 13:00:00,low_engaged
PAR000678,SES000049,STU016,Paula Mohammed,2025-11-28 10:00:00,2025-11-28 13:00:00,low_engaged
PAR000679,SES000049,STU015,Oscar Smith,2025-11-28 10:08:00,2025-11-28 13:00:00,high_engaged
PAR000680,SES000049,STU011,Kevin Okonkwo,2025-11-28 10:08:00,2025-11-28 13:00:00,high_engaged
PAR000681,SES000049,STU075,Williams Okonkwo,2025-11-28 10:08:00,2025-11-28 13:00:00,erratic
PAR000682,SES000049,STU063,Kazeem Hassan,2025-11-28 10:08:00,2025-11-28 13:00:00,erratic
PAR000683,SES000049,STU066,Nnamdi Nwosu,2025-11-28 10:10:00,2025-11-28 11:08:00,erratic
PAR000684,SES000049,STU029,Chidi Okafor,2025-11-28 10:10:00,2025-11-28 13:00:00,high_engaged
PAR000685,SES000049,STU003,Charlie Adeyemi,2025-11-28 10:02:00,2025-11-28 13:00:00,low_engaged
PAR000686,SES000049,STU062,Joy Adeyemi,2025-11-28 10:02:00,2025-11-28 12:01:00,moderate
PAR000687,SES000049,STU079,Bob Hassan,2025-11-28 10:05:00,2025-11-28 10:42:00,low_engaged
PAR000688,SES000049,STU013,Michael Johnson,2025-11-28 10:09:00,2025-11-28 13:00:00,erratic
PAR000689,SES000049,STU024,Xena Adeyemi,2025-11-28 10:02:00,2025-11-28 13:00:00,moderate
PAR000690,SES000050,STU005,Evan Mohammed,2025-11-30 12:04:00,2025-11-30 14:21:00,erratic
PAR000691,SES000050,STU011,Kevin Okonkwo,2025-11-30 12:04:00,2025-11-30 14:30:00,high_engaged
PAR000692,SES000050,STU016,Paula Mohammed,2025-11-30 12:07:00,2025-11-30 14:17:00,low_engaged
PAR000693,SES000050,STU065,Maryam Okafor,2025-11-30 12:05:00,2025-11-30 14:30:00,high_engaged
PAR000694,SES000050,STU039,Musa Johnson,2025-11-30 12:05:00,2025-11-30 14:30:00,moderate
PAR000695,SES000050,STU047,Uche Okonkwo,2025-11-30 12:08:00,2025-11-30 14:30:00,moderate
PAR000696,SES000050,STU070,Rukayat Abubakar,2025-11-30 12:01:00,2025-11-30 14:30:00,low_engaged
PAR000697,SES000050,STU022,Vera Bello,2025-11-30 12:00:00,2025-11-30 14:30:00,low_engaged
PAR000698,SES000050,STU055,Chinwe Okafor,2025-11-30 12:03:00,2025-11-30 13:03:00,erratic
PAR000699,SES000050,STU001,Alice Bello,2025-11-30 12:02:00,2025-11-30 14:30:00,low_engaged
PAR000700,SES000050,STU032,Funmi Mohammed,2025-11-30 12:03:00,2025-11-30 14:30:00,erratic
